episode,wind_speed,twa,ref_speed,avg_boat_speed,tail_avg_boat_speed,tail_avg_speed_error,tail_trim_efficiency,avg_trim_efficiency,avg_reward
1,6.456432300000001,102.50557,4.273796199530801,2.70378179344546,2.9796928984671176,1.294103301063683,0.6972005119931184,0.6326417234734534,0.2552834469469066
2,2.661531,83.61755000000002,2.9201579804987494,1.2346005845591244,1.4082985604487959,1.5118594200499536,0.4822679354519939,0.42278554544102454,-0.16442890911795074
3,4.787119000000001,172.13306000000003,2.5664169024408,2.241916261931282,2.4401405182020794,0.12627638423872067,0.950796620721043,0.8735588749431556,0.7371177498863074
4,10.427829,79.96056,4.53204550956208,3.4537599777575263,3.730586218346115,0.8014592912159646,0.8231572720254066,0.76207530804148,0.5141506160829592
5,2.688009,173.98035,1.4374516064920004,1.339029175807229,1.5024217969456877,0.06497019045368724,1.0451981758274578,0.9315299170836342,0.8254672276817326
6,3.969693,22.329899999999995,1.2426446960479998,0.515443250405704,0.532977022171352,0.7096676738766478,0.4289054014123154,0.41479535706785364,-0.18040928586429208
7,4.2023454,63.58484000000002,3.626687932868801,1.3228101751128483,1.6641798806188453,1.9625080522499556,0.458870438103131,0.36474331389921055,-0.28051337220157746
8,4.1226935,9.716500000000009,0.6519697189675007,0.6032559316689139,0.5582383490634709,0.09373136990402975,0.8562335532201273,0.9252821321583269,0.8398791859219531
9,3.7335544000000005,173.02814,2.0125043774375198,1.787857759437883,1.972620406804093,0.03988397063342686,0.980181921052907,0.8883745941036515,0.7667491882073054
10,3.2565641,173.63834000000003,1.7505850396916296,1.5693720485124123,1.7815713875163723,0.030986347824742744,1.0177005670231256,0.8964843254851903,0.7752793687179571
11,3.9844382,13.739716999999986,0.9152017459928271,0.3714868534610586,0.3696975022761245,0.5455042437167026,0.40395191977597256,0.4059070637568153,-0.19818587248637135
12,4.96017,40.02928000000001,3.1266185462880003,1.015166688812825,1.1683531450659885,1.9582654012220118,0.37367946481769787,0.32468517466515223,-0.36062965066969443
13,4.6354527,57.850570000000005,3.631335020164007,1.41606996595891,1.636195580449068,1.995139439714939,0.45057687361910503,0.3899585023402648,-0.23008299531947132
14,7.577036,75.64367,4.3058256453366,2.616066614958874,3.0287463909490917,1.277079254387508,0.7034066496002592,0.6075644557954156,0.205128911590832
15,5.408961000000001,110.772,4.07482194232,2.40905741903801,2.6965002526738506,1.3783216896461492,0.6617467685320744,0.5912055675410464,0.1724111350820946
16,6.317378499999999,173.42421,3.2385679463228003,2.8581135941098457,3.059634709478059,0.17893323684474138,0.9447492719589504,0.882523893733666,0.7550477874673359
17,1.9270992,47.20470399999999,1.7469072759233828,0.8185635675890259,0.7884437547955504,0.9584635211278324,0.4513369230652461,0.4685787155797079,-0.07284256884058221
18,4.941829,16.505460000000003,1.1992980418544001,0.7039123001934176,0.6728087945946474,0.5264892472597528,0.5610021621934151,0.5869369211217922,0.16387384224358575
19,2.9952168000000006,100.02246,3.1117071358776007,1.248722349819618,1.6521478275036576,1.459559308373943,0.5309457977116793,0.40129816055694967,-0.20740367888609978
20,3.7916054999999997,158.82741,2.3171895322972,1.8475931498969964,2.1125671857127557,0.20462234658444434,0.911693737723048,0.7973422649054267,0.5846845298108534
21,3.1047487000000005,28.961831999999998,1.5459732165150402,0.6052622284217897,0.6180706912299417,0.9279025252850984,0.39979391921368956,0.39150887088858044,-0.22698225822283974
22,2.7371886,142.74770999999998,2.1611839898622707,1.4137533752314086,1.6845421845037292,0.4766418053585415,0.7794533887006458,0.654156879684043,0.29831375936808385
23,1.3801054,98.91473,1.56010750993729,0.7586054167853828,0.837897976307999,0.7222095336292911,0.5370770738368403,0.48625201273204305,-0.037495974535914064
24,2.221805,162.14491,1.3092551411872497,1.1691902784832127,1.3012284206818125,0.00802672050543718,0.9938692465258082,0.8930194289120572,0.7760388578241134
25,8.681711,105.181274,4.62094458654997,3.372864441378171,3.7386625826652757,0.8822820038846944,0.809068906289696,0.7299080043494678,0.4498160086989369
26,5.7567687,18.566586,1.3545425960910402,0.8013846599584137,0.7835610206272916,0.5709815754637486,0.5784690883022092,0.591627507522512,0.17325501504502328
27,2.5222373,85.28094000000004,2.80041494371189,0.9290833769885298,1.2320363960116794,1.5683785477002106,0.43994780087076724,0.3317663259420584,-0.34646734811588314
28,4.3250327,44.42367599999999,3.1665815266867483,0.7437493501310574,0.9556111417882017,2.2109703848985465,0.30178005326396096,0.23487453074017525,-0.54025093851965
29,6.192750500000001,107.00552,4.2573936523088,2.722889889551759,2.954990878290116,1.302402774018684,0.694084484456262,0.639567329667796,0.269134659335591
30,4.451869500000001,17.587499999999963,1.159203055999999,0.6256690864380852,0.6111940513979943,0.5480090046020047,0.5272536577905595,0.5397407151401481,0.06948143028029757
31,5.943180999999999,83.31470000000002,4.145712283963499,2.4114143475952985,2.7351773168222406,1.410534967141258,0.6597605259300051,0.5816646651826677,0.15332933036533522
32,4.4793840000000005,17.687254,1.16640930180656,0.38877255010072814,0.41389990997398324,0.7525093918325767,0.354849630685323,0.33330714141132856,-0.343385717177343
33,4.7198763,24.05120299999998,1.465081615261888,0.806302500701975,0.8084737945212784,0.6566078207406095,0.5518285029989686,0.5503464737408796,0.09069294748176043
34,3.2758682,146.32695,2.4424812144860497,1.7255938354504006,1.9437243737708332,0.49875684071521653,0.7957991088090454,0.7064921626484255,0.4029843252968483
35,5.5319767,111.59077999999998,4.1013637027368,2.50262276843992,2.8018245980841656,1.2995391046526348,0.6831446321657685,0.6101928406812451,0.21038568136249028
36,8.934229,100.11117,4.650335150363551,3.453154623705953,3.6693783060036873,0.9809568443598637,0.7890567426558116,0.742560377274312,0.47512075454862285
37,1.5793594,121.40710000000001,1.6361042038825997,1.045588278218065,1.0816312824691903,0.5544729214134094,0.6611017072765885,0.6390719342550456,0.26814386851009064
38,6.3138285,101.19973,4.2456878140012,2.685316397494783,3.03831291454817,1.20737489945303,0.7156232506140903,0.6324808876995843,0.2549617753991673
39,5.281026,10.33047000000002,0.8061480051430018,0.6629057736605835,0.6090288957732836,0.19711910936971822,0.7554802491451288,0.8223127383947193,0.6346254767894416
40,2.896575,138.71810999999997,2.4016774309580007,1.4215924336665253,1.7588229891347191,0.6428544418232816,0.732331064306644,0.5919164727710604,0.17383294554212209
41,7.417865,94.27282,4.40512135,2.939306759953267,3.2692771945077084,1.1358441554922916,0.7421537194446887,0.667247625301688,0.3244952506033759
42,6.9411006,52.29789000000001,3.8510210196185004,1.6012223297552752,1.9082304145698765,1.9427906050486239,0.4955128535649786,0.4157916359318909,-0.1784167281362185
43,7.4888797,65.86455999999998,4.153603295843239,2.2850913011287237,2.7071605459258046,1.4464427499174346,0.651761940923685,0.5501467372716001,0.0902934745431999
44,7.843846999999999,22.09943000000001,1.6968880603953005,0.7200983213960981,0.8458486587292136,0.8510394016660869,0.4984705110908541,0.4243640686754238,-0.16127186264915244
45,8.418659,60.888649999999984,4.134372371694875,2.3930361791993935,2.6585456553731617,1.4758267163217131,0.6430348832568504,0.578814863311013,0.14762972662202475
46,8.097092,91.61203,4.507005400000001,3.067910781641576,3.3965800253751417,1.110425374624859,0.7536223554059068,0.6806982706613965,0.35139654132279347
47,1.2654752999999999,161.17943999999997,0.7518224190608399,0.7950739028839383,0.7890064531956463,0.03718403413480642,1.0494585332813777,1.057528856185386,0.990000000000008
48,4.7543216,45.71765,3.35083589352,1.0137949525659697,1.1701814623685247,2.1806544311514755,0.3492207614916252,0.30254986659492755,-0.4049002668101436
49,4.6262107,25.703729999999997,1.5919245820083783,0.7693970635964597,0.7795871111183552,0.8123374708900231,0.489713595687319,0.4833125088286434,-0.04337498234271081
50,5.954368,163.8606,3.2755217148639995,2.652370954633385,2.8829459984813774,0.392575716382622,0.8801486448399498,0.8097552651222492,0.609510530244501
51,1.5775096000000002,157.18483,0.99091533700632,0.9686478513214112,0.9864649337201317,0.004450403286188287,0.9955087956357266,0.977528367103304,0.9450567342066118
52,5.9994135,168.26523999999998,3.199941649527701,2.68568854191593,2.854233452535077,0.3457081969926237,0.8919642184589057,0.8392929734554159,0.6685859469108321
53,8.128801,169.13871999999998,3.8928164674888,3.3608881634590757,3.509522145718494,0.38329432177030576,0.9015380445054572,0.8633564391046507,0.716712878209302
54,3.7590556,153.46759,2.4906724991028,1.7870605307138827,2.0813247048568972,0.40934779424590273,0.8356476837507302,0.7175012095559035,0.42500241911180847
55,2.165522,48.970398,2.0011361709471718,0.7317748081459841,0.7261295448657539,1.275006626081418,0.3628586377118277,0.36567966676631614,-0.2786406664673673
56,3.881975,154.26044999999996,2.5358723942140013,1.8012812794561393,2.1500268215505436,0.38584557266345776,0.8478450360736501,0.7103201578936114,0.4106403157872202
57,6.0161877,96.03461,4.191754142128914,2.5259501062105256,2.920277651145652,1.2714764909832623,0.696671978395779,0.6025997757892457,0.19519955157849103
58,1.8420428,33.01080000000002,1.1401369961670007,0.8030062826207656,0.7384738144374219,0.4016631817295788,0.6477062115518393,0.7043068379680446,0.39861367593608876
59,4.301004,77.18082,3.7570182871532,1.5069917905769152,2.0275977433051127,1.7294205438480872,0.5396826920535118,0.4011137757114316,-0.20777244857713698
60,9.319162,112.16193000000001,4.73156153224905,3.7229163439672535,3.8768376103182294,0.8547239219308209,0.819356904458443,0.7868261500126014,0.5636523000252038
61,3.0101323,10.663999999999987,0.5842329711119995,0.3202179979210351,0.3110693833743161,0.27316358773768334,0.532440650828457,0.5480998398833037,0.08619967976661076
62,5.6833963,92.34176,4.12619097228896,2.210966382732868,2.6314300792127727,1.494760893076187,0.6377383152852509,0.5358371431621732,0.06167428632434573
63,1.7596195999999997,118.80959,1.8580739238401798,0.8005428989156437,1.04239798108385,0.8156759427563298,0.561009961826207,0.430845559288146,-0.1483088814237079
64,6.402427999999999,114.12062,4.2877720878572,2.8248271476702986,3.067986698540645,1.219785389316555,0.7155200033203867,0.6588100043073881,0.3076200086147775
65,6.240621,39.77147299999999,3.387556385344137,1.1013104911499751,1.3210898140873124,2.0664665712568246,0.3899831216988303,0.32510469668185105,-0.35979060663629775
66,3.4830549000000004,40.52490000000004,2.542277271394102,0.8051828606681425,0.8559131615820195,1.6863641098120827,0.3366718379670147,0.3167171691806083,-0.37656566163878263
67,3.7088084,82.37985,3.5364594162177,1.5857999794469766,1.8885656223727458,1.6478937938449543,0.5340272289601437,0.44841458442156024,-0.11317083115687923
68,3.9108070000000006,89.8719,3.6119926891725003,1.6585197974630952,2.076768176555842,1.5352245126166584,0.57496466778055,0.4591703085210444,-0.09165938295791001
69,2.1008499,106.05841,2.3204436882596005,0.9620578516782305,1.2100377453462803,1.1104059429133202,0.5214682655168604,0.41460081817361544,-0.18079836365276916
70,6.4213142,90.518875,4.25563873,2.5730523046615086,2.9296183091886165,1.3260204208113837,0.6884086021062733,0.6046218835548357,0.19924376710967062
71,4.3594584,64.58588,3.6814155535216004,1.5497461060012205,1.7728355440156804,1.90858000950592,0.48156355028157743,0.4209647304061479,-0.16807053918770382
72,4.552972,44.96198,3.2671536077784,1.0670326685313196,1.1668407405354073,2.1003128672429927,0.35714290805225896,0.3265939703572366,-0.35681205928552556
73,3.7848637,86.2333,3.56141508309805,1.4916689857248573,2.022854356559879,1.5385607265381709,0.5679917418668908,0.41884165448843563,-0.17231669102312877
74,3.334863,137.22690000000003,2.753435182819999,1.72053463622042,1.9779417643498587,0.7754934184701405,0.7183542131992736,0.624868399646979,0.23973679929395844
75,1.6235354000000002,115.14887,1.7440920764250105,0.9448723454425814,1.0327471028386055,0.711344973586405,0.5921402412167943,0.5417559991324268,0.07351199826485375
76,2.9190323,19.62784000000001,0.8686753289731203,0.40612596380815835,0.4054103779048154,0.4632649510683049,0.46669954168499256,0.46752330849346085,-0.07495338301307873
77,4.422611,53.70987000000001,3.4767038745369376,0.9619459148809805,1.2459249111625157,2.230778963374422,0.35836382853528487,0.2766833039552729,-0.4566333920894545
78,5.6391973,117.07389,4.099961322328401,2.6393296509162982,2.9085402446302386,1.1914210776981622,0.709406751910151,0.643745012066943,0.27749002413388735
79,3.7388616,96.257835,3.54310651299456,1.7128640800060722,2.134054875052875,1.409051637941685,0.6023118038439144,0.48343567254442865,-0.043128654911141734
80,8.364683,82.41480000000006,4.4573557702699995,3.1076921893640064,3.44380605922066,1.0135497110493397,0.7726118884632032,0.697205327448152,0.38441065489630594
81,3.7817385000000003,37.805294,2.5214035833170003,0.8941345191850171,0.9249807393193962,1.5964228439976043,0.3668515208908165,0.35461777126879157,-0.3007644574624186
82,7.173296,39.20067999999997,3.453917708011998,1.2566975201644548,1.4981294897650923,1.9557882182469057,0.4337478818009778,0.36384697795471893,-0.28230604409056137
83,3.5786924,168.32504,1.99825165311152,1.67283667120705,1.9195734174240866,0.07867823568743337,0.960626462855706,0.8371501500335268,0.6643003000670504
84,2.8577106,66.31602,2.9495340377864,1.1971433903982407,1.3051745370380268,1.6443595007483733,0.4425019410922103,0.40587542813938454,-0.19824914372123162
85,10.848399,95.21034,4.85269935298172,4.072764311796209,4.315989281164811,0.5367100718169091,0.8893996860763422,0.8392781039059657,0.6685562078119323
86,5.6679344,121.2099,4.0765865055048,2.6586786503447826,2.9734745266134492,1.1031119788913504,0.7294030244662371,0.6521825666534129,0.29436513330682273
87,5.134672,45.05164000000004,3.445362450752001,0.9433407757703215,1.1859485082394459,2.259413942512555,0.344215891707009,0.2738001557904088,-0.46239968841918244
88,4.047876,82.704544,3.6760112364012802,1.7099793696785561,2.1385421780893443,1.537469058311936,0.5817561592066628,0.4651725089264364,-0.0796549821471269
89,4.6577797,75.13619000000001,3.8534786474523153,1.885656420036329,2.2402225807603453,1.61325606669197,0.5813507185881109,0.4893387488426879,-0.031322502314623885
90,4.35891,31.806109999999993,2.373513344674142,0.9925399353120619,0.9878635957249959,1.3856497489491462,0.4162030931663538,0.41817331153380466,-0.17365337693239136
91,7.857766,76.537704,4.33991291121752,2.9010638133223,3.2817138013989595,1.0581991098185606,0.7561704275024972,0.668461296959167,0.32692259391833195
92,7.091088,103.57544,4.3744984365535995,3.0740444486282485,3.4252865743617424,0.949211862191857,0.783012412517929,0.7027192930145622,0.39543858602912435
93,7.962532,120.98801,4.571198841835599,3.4856681440667145,3.6887031303627484,0.8824957114728509,0.8069443614230358,0.7625282261112563,0.5150564522225115
94,1.9437707999999998,93.611404,2.248831981788984,1.0324295402519317,1.1769115717593968,1.0719204100295872,0.5233434873258711,0.45909589894333386,-0.09180820211333293
95,10.867072,146.27802,4.92127244552576,4.308464125344975,4.531185277648872,0.3900871678768887,0.9207344904809036,0.8754776682323432,0.7409553364646889
96,1.4759363,29.236524999999986,0.7398934561913385,0.8216201050337357,0.7351378341040926,0.004755622087245892,0.9935725582549063,1.1104573207919564,0.9891418085618738
97,8.628832,97.51488,4.5892965864448,3.4856529502900213,3.741862411217884,0.8474341752269163,0.8153455198929734,0.759517909691311,0.5090358193826215
98,2.2212431,127.21169999999998,2.145316824782651,1.0316270188833427,1.3678900804313765,0.7774267443512743,0.6376168147424854,0.48087397020617756,-0.04825205958764585
99,6.1463337,149.05797,3.7655052094549446,2.843033483956786,3.0128011082860233,0.7527041011689213,0.800105414997454,0.7550204622790327,0.5000409245580683
100,2.2869148,144.29265,1.7656417748208995,1.2649451901884843,1.4242873208606992,0.34135445396020025,0.8066683407539867,0.7164223276926,0.4228446553852019
101,5.8278093,146.31342999999998,3.7167399020524954,2.772312623372483,2.9771132988425597,0.7396266032099357,0.8010012476790502,0.7458990126916136,0.48179802538322913
102,2.5899544,40.46084599999999,1.9887201596391832,0.48408830263969943,0.5486025830455089,1.4401175765936745,0.2758571035680771,0.24341700379178963,-0.52316599241642
103,6.69316,156.81717,3.7104138989456,2.9433606699784396,3.1702816705223706,0.5401322284232295,0.854428038721847,0.7932701715069785,0.576540343013951
104,4.49938,23.34591999999997,1.3913410552959988,0.41020667937733857,0.4586435497868729,0.932697505509126,0.32964135431862135,0.29482827220251145,-0.42034345559497766
105,5.7008405,27.477865,2.0705010619389466,0.5930261788910872,0.7305865306262848,1.3399145313126617,0.3528549412778943,0.2864167470340437,-0.43716650593191275
106,3.3294172,147.21122999999997,2.4472259938406213,1.6953965345158999,1.9741769516605903,0.4730490421800311,0.8066998947499578,0.6927829872610898,0.3755659745221823
107,3.1665936,122.35818,3.0204081862452803,1.6302318812827568,1.8723836728708412,1.1480245133744391,0.6199108058962165,0.5397389295614794,0.06947785912295852
108,8.110707,116.81172,4.5914339815726,3.4886696245245834,3.583120922276564,1.0083130592960363,0.7803925607244206,0.7598213626780044,0.509642725356007
109,3.0654635,105.27824,3.1443787860144,1.6190774983529868,1.925602869704237,1.2187759163101628,0.6123953253561413,0.5149117229623658,0.019823445924731925
110,3.0494846999999994,94.21301,3.1887969990221348,1.2878448810657956,1.7764160681941081,1.4123809308280266,0.5570803248807803,0.4038654330961553,-0.20226913380768816
111,4.364987999999999,21.98651900000001,1.30734791596772,0.8958030227712234,0.8321086702408584,0.4752392457268615,0.636486018815365,0.6852062957610903,0.3604125915221808
112,6.7257857,21.714076999999985,1.59203501501213,0.6117392376711213,0.7020190803559391,0.890015934656191,0.4409570604517076,0.3842498637923862,-0.24150027241522648
113,1.4177649,45.45566000000001,1.2497731268476289,0.5399944517984745,0.5304567569215266,0.7193163699261023,0.42444244121293173,0.43207398222790494,-0.1458520355441904
114,4.6693683,73.82408,3.85304006418252,1.7899512827626216,2.2499591511440835,1.6030809130384367,0.5839438764365524,0.4645555854458491,-0.08088882910830272
115,2.7928998,47.52969999999998,2.439545096937571,0.4212467502795045,0.5142032872484866,1.9253418096890846,0.21077834875607765,0.1726743034216941,-0.6646513931566098
116,4.22227,114.36785,3.6934025565735005,2.0382768516518497,2.4690558461263348,1.2243467104471657,0.6685043962326611,0.5518696704273761,0.09373934085475252
117,7.173296,39.20067999999997,3.453917708011998,0.900809418835632,1.276079369056504,2.1778383389554943,0.36945853287019637,0.26080801425756,-0.48838397148488
118,3.5181659999999995,76.6984,3.4453191038239996,1.4217688302179021,1.7626101584484395,1.6827089453755602,0.5115956186734918,0.41266680599769906,-0.18466638800460314
119,5.223091,112.96881,4.0170530850836,2.5355830787407196,2.9720282958892086,1.0450247891943918,0.7398528804424193,0.6312047725124728,0.25240954502494584
120,3.8197505,118.455025,3.4543132373780003,1.9190195308454727,2.363068410649089,1.0912448267289112,0.6840921040625657,0.5555429976877564,0.10108599537551331
121,5.982348399999999,9.854107000000004,0.8018314413091083,0.31283045656319164,0.3136054080225274,0.48822603328658093,0.3911113880874018,0.3901449113200769,-0.22971017735984572
122,3.4358761,131.54875,2.96514820775,1.810956011336621,2.016704631842749,0.9484435759072509,0.680136199118713,0.6107472154691381,0.21149443093827688
123,6.5297127,94.19639,4.271898505,2.9470555108811576,3.473945832465047,0.7979526725349531,0.8132088878982032,0.689870208159628,0.3697404163192584
124,3.7480683000000004,71.06103999999999,3.5241540990504805,1.4966455387861854,1.7162483338700198,1.8079057651804606,0.48699582527688895,0.42468220648734595,-0.16063558702530753
125,3.1698945,76.46666,3.2923205052895006,1.3783779090595034,1.6359371323601324,1.6563833729293682,0.4968948587270913,0.4186645579751347,-0.1726708840497297
126,8.285147,96.35966,4.535089213290351,3.662975170462089,4.165548520725468,0.36954069256488253,0.9185152319645837,0.8076963865953332,0.6053927731906659
127,7.866591,70.4438,4.257700003068999,2.8366670748113707,3.017444762504453,1.240255240564546,0.7087029993492835,0.6662439985829597,0.32248799716591936
128,6.3710265,28.173861999999982,2.281115975523183,0.7624827559047124,0.914101193794403,1.3670147817287799,0.40072543597207955,0.33425865413521294,-0.3414826917295743
129,4.2341504,31.800829000000004,2.32965381272112,0.8445226587779787,0.8682598158075614,1.4613939969135588,0.37269907274051267,0.36250993781412816,-0.2849801243717449
130,5.6382565,61.44005600000001,3.9031829200659205,1.7049421790109254,2.030294963622423,1.8728879564434977,0.520163929080765,0.4368081675716416,-0.13638366485671694
131,5.134672,45.05164000000004,3.445362450752001,0.8572992514226238,1.084583226132005,2.360779224619996,0.31479510258645754,0.24882701418990283,-0.5123459716201955
132,4.589709300000001,27.216914999999975,1.7996211858682005,0.7621720805015725,0.7882720728367459,1.0113491130314545,0.43802111190220056,0.42351806396070674,-0.1629638720785867
133,5.028644600000001,58.79848999999999,3.7538880812894124,1.3358359393218182,1.6880119939403693,2.065876087349043,0.4496703037988705,0.3558539600527925,-0.2982920798944145
134,5.05578,98.70139999999995,4.030829030216,2.239222069224648,2.500091020507338,1.5307380097086623,0.6202423873019902,0.555523951137331,0.10104790227466048
135,5.0429187,25.489474999999977,1.6489495515346215,0.9443799336987545,0.9342335354728947,0.7147160160617269,0.5665628366880207,0.572716086322867,0.13543217264573323
136,9.751378,86.25268,4.612094108370001,3.974670242475032,4.208352940471094,0.40374116789890646,0.9124603361483454,0.8617929619566579,0.7135807025972246
137,4.9457994,42.81568999999999,3.2704731761461394,0.8653003460934126,1.0704906468837772,2.1999825292623623,0.327319806409549,0.26457955760183527,-0.48084088479633025
138,6.5201735,176.87329999999997,3.2563152866440004,2.880670255343624,3.0642047848883993,0.19211050175560107,0.9410037159044288,0.8846410748857464,0.7592821497714918
139,3.1832113,19.560875000000003,0.9406758528088752,0.6055116127293019,0.5785271957335482,0.36214865707532706,0.6150122744259411,0.6436984758577934,0.2773969517155842
140,6.8316,108.23619999999997,4.359552236728,2.9560711265225277,3.213701953825211,1.1458502829027886,0.7371633092845356,0.6780676009839874,0.34613520196797487
141,3.4486825,126.26366,3.0958902677251,1.8421732736573864,2.0949215374305807,1.0009687302945194,0.6766782270257776,0.5950382973396013,0.1800765946792018
142,5.782763,48.42349,3.6431629008320003,1.0892888425785319,1.3618632046329866,2.2812996961990137,0.37381342577955373,0.2989953708437706,-0.4120092583124596
143,7.3387995,88.70114,4.38569260343755,3.3314433681292934,3.8195412635490493,0.566151339888501,0.8709094797376483,0.7596162497841435,0.50923249956829
144,1.8214017999999998,35.96180000000002,1.2281416359607507,0.877960998018708,0.7932904560322592,0.4348511799284914,0.645927499568634,0.7148695006434616,0.41973900128692676
145,4.953325000000001,64.53108999999999,3.8290366119188,1.5200713340500915,1.9076461817230748,1.9213904301957252,0.4982052602435469,0.3969853224486023,-0.21602935510279625
146,6.387671,147.90457,3.8521462056368,2.628554662012664,2.949167608435388,0.9029785972014119,0.7655907774528147,0.6823610843654703,0.35472216873094303
147,4.2429547,117.56187,3.669231450269645,2.2006593414701543,2.5765296459383564,1.0927018043312886,0.7021987249534264,0.5997602962081958,0.18952059241639302
148,6.626236,143.02037,4.012293351028799,2.864309858219045,3.1431371836769215,0.8691561673518771,0.7833767146838814,0.7138834595642416,0.417766919128483
149,3.6636195,85.04311,3.5118280734496254,1.7364213129253203,2.1299012073635453,1.3819268660860802,0.6064935876178499,0.49444940828770517,-0.021101183424589474
150,3.9916293999999994,153.24745,2.6381442582540005,1.9300390852012537,2.2098127655954403,0.4283314926585602,0.8376390937233879,0.7315896692012614,0.45317933840252406
151,0.8213175,72.98571,0.9506456646823126,0.477744571231435,0.47679630540995016,0.47384935927236244,0.50154997084985,0.502547467453175,-0.004905065093652953
152,8.418659,60.888649999999984,4.134372371694875,2.268786606177286,2.724978104195714,1.4093942674991609,0.6591032106473314,0.5487620374279933,0.08752407485598714
153,4.831807,154.52135,3.060563553442,2.045969807064533,2.2636875335924302,0.7968760198495697,0.7396309516417722,0.668494468858055,0.3269889377161109
154,3.2452166000000005,57.268463000000004,3.0442347589786007,0.8967155636968968,1.0296941369484431,2.0145406220301574,0.33824399840107117,0.2945618964017609,-0.4208762071964776
155,3.0164068,170.8158,1.650630071696,1.3837106351718962,1.6237182979676035,0.026911773728396593,0.983696059953188,0.8382923944613178,0.666584788922638
156,4.691847,54.45566000000001,3.571094574028875,1.0122920452404933,1.3352078825920393,2.2358866914368356,0.373893173343116,0.2834682824147199,-0.44306343517056
157,3.4766848,124.5273,3.150936335618401,1.7393373582506173,2.171267961126603,0.9796683744917978,0.6890865856546959,0.5520065063165598,0.09401301263312042
158,3.6641746,24.701660000000015,1.2638761121632007,0.5812339038561775,0.5826393648989402,0.6812367472642605,0.4609940478277713,0.459882023453517,-0.09023595309296523
159,8.216516,98.49343,4.524919000000001,3.8677541805640216,4.176478361309696,0.3484406386903043,0.9229951655067629,0.8547676059094164,0.6995352118188304
160,3.492338,92.4944,3.42083734112,1.7304299303968902,2.214278200098661,1.206559141021339,0.6472912855230044,0.5058498133180274,0.001699626636055754
161,1.949168,87.134926,2.2902724,0.8956715445974349,1.1047109594649978,1.1855614405350023,0.482349156137496,0.39107642592969855,-0.2278471481406017
162,4.178088,172.16027999999997,2.2614813074704,2.0216128480669564,2.1680538792553192,0.09342742821508088,0.9586875080919484,0.8939330346834707,0.7778660693669397
163,7.323345,108.841606,4.436428461570641,3.5483931877415356,3.8346400259160855,0.6017884356545551,0.864352949480109,0.7998310394224856,0.5896620788449667
164,5.7984523999999995,22.354580000000002,1.53948484051992,0.9300435583040015,0.9174676117533755,0.6220172287665444,0.5959575486586314,0.6041264803815177,0.19825296076303547
165,7.016311,110.90551,4.39549095581725,3.4183814319300714,3.818084734286702,0.577406221530548,0.8686366944365168,0.7777018463446005,0.5454036926892022
166,4.0786915,62.328280000000056,3.5671664402896015,1.3367472501647881,1.552446491524634,2.0147199487649674,0.4352043891169256,0.3747364392832375,-0.2605271214335247
167,8.029641,82.22908,4.4247614509102,3.5938585126664147,3.9917718481277,0.4329896027825,0.9021439669491264,0.8122152013250626,0.6144304026501272
168,5.1885576,43.69678,3.38692401841872,0.9308314377224507,1.0920312818114857,2.2948927366072343,0.32242568060954935,0.274830918160673,-0.46033816367865493
169,2.2905288,22.84607000000001,0.7589730006331203,0.774627721424687,0.7019335600249846,0.057039440608135705,0.9248465484799137,1.0206261893091162,0.9527312305360112
170,6.554754000000001,114.25154,4.3133355470426,3.161482483272115,3.348861958730046,0.9644735883125541,0.7763972735731546,0.7329553772925825,0.4559107545851644
171,3.5973143999999997,92.66824,3.47068865764736,2.006832068894379,2.3280846158999213,1.1426040417474388,0.6707846325455294,0.5782230176344123,0.14644603526882358
172,1.8275213,32.72516299999998,1.1213612330338474,0.44289479403076676,0.4451204037492269,0.6762408292846205,0.39694648846112845,0.3949617491524235,-0.22007650169515372
173,3.2855835,159.27398999999997,1.9974945041908014,1.4742868301790675,1.8544820775276198,0.1430124266631816,0.9284040950485033,0.7380680282653964,0.4661360565307921
174,4.8312263,93.99743999999995,3.9392636802336,2.051880220677038,2.363362799661801,1.575900880571799,0.5999503946691004,0.5208791254500017,0.03175825090000578
175,5.7198142999999995,23.772360000000017,1.610863816727481,0.7034130325355533,0.7744705534089219,0.836393263318559,0.48077965708006437,0.43666821815177315,-0.1366635636964539
176,5.1360564,90.85641,4.0145538698604,2.6024100036300997,3.114037695993236,0.9005161738671639,0.7756871116793662,0.64824388661662,0.28648777323324076
177,10.333714,176.57838,4.262022367407759,4.5048834869625916,4.656133492195067,0.39411112478730725,1.092470449662847,1.0569826008920133,0.9423674076138631
178,3.2855835,159.27398999999997,1.9974945041908014,1.5509394925088464,1.8425868360047102,0.15490766818609125,0.9224490140718332,0.7764424328852612,0.5428848657705235
179,3.9916293999999994,153.24745,2.6381442582540005,1.8816078739317206,2.2669177954309268,0.3712264628230737,0.8592850024551871,0.7132316089405297,0.41646321788106055
180,4.1913443,31.467476000000023,2.270215164886349,0.8184972174674048,0.8357760909949222,1.4344390738914266,0.36814840457501863,0.36053728744622277,-0.28892542510755465
181,9.645425999999999,86.562035,4.608854642997149,4.573689291279823,4.885952424490748,0.2770977814935991,1.0601229162031895,0.992370045392784,0.86853116673239
182,3.4637308,96.33946,3.40196828735688,1.7578624937732623,2.394738703478343,1.0072295838785372,0.7039274035499336,0.5167192475915205,0.0234384951830404
183,4.775161300000001,38.482730000000004,2.9627364490150003,0.919788073277211,1.0230141634404197,1.9397222855745806,0.34529367733013644,0.310452208323493,-0.3890955833530148
184,3.5672565,78.34438,3.4756009100429,1.424355890979043,2.0222437648647347,1.4533571451781655,0.5818400377964493,0.4098157204595344,-0.1903685590809318
185,2.7541669999999994,134.8074,2.38834309572,1.4163615149052233,1.6907719137596686,0.6975711819603312,0.7079267282785271,0.5930310085864118,0.1760620171728215
186,5.806143,102.74785,4.1674095064315,3.213676497428652,3.6916421889515716,0.47576731747992884,0.8858361971038161,0.7711448784836293,0.5322897569672633
187,5.1336884,61.500183,3.82735050429756,1.4763202793976737,1.894893037205307,1.9324574670922532,0.4950926326391107,0.38572905139991237,-0.23854189720017446
188,1.6865734,59.69464,1.8066287543321997,0.7832526418015301,0.7289279090620542,1.0777008452701455,0.40347409909984205,0.433543770364184,-0.1429124592716319
189,5.7873425,29.588199999999972,2.4203931150292815,0.4878134234856695,0.6276037553557987,1.7927893596734827,0.2592982732675663,0.20154305532296468,-0.6069138893540701
190,6.135973500000001,163.46318,3.3599216863366506,2.554119384861464,2.725859383847139,0.6340623024895113,0.8112865829379391,0.7601722966484487,0.5103445932968991
191,7.554368,47.261146999999994,3.7714572645972,1.2150851255552162,1.5902665571135899,2.1811907074836103,0.42165837912084464,0.3221792109276335,-0.3656415781447324
192,2.0426733,95.58569999999995,2.343092326240951,0.9682042168477151,1.1344127134062554,1.2086796128346957,0.4841519477067326,0.41321641746871135,-0.18356716506257736
193,3.7084348,11.897581999999979,0.7492826690049106,0.4444311850436666,0.42736249139742066,0.3219201776074899,0.5703621731501971,0.5931422191225858,0.17628443824517112
194,2.849714,118.01389999999999,2.8542468445680007,1.4648740489460281,1.6543092701790554,1.1999375743889453,0.5795957253407914,0.5132261253906171,0.016452250781233132
195,10.0590725,75.6429,4.448372306428,4.134421318093278,4.612631462391377,0.1642591559633768,1.036925676325702,0.9294234010311927,0.7827897147178413
196,4.342243700000001,93.52142000000002,3.7901200439048,2.350097504386639,2.9516475593575167,0.8384724845472835,0.7787741615478119,0.6200588575462198,0.2301177150924395
197,9.474465,79.95205,4.485646422306,4.296360587502779,4.735038725742956,0.24939230343695584,1.0555978514482975,0.9578018824974821,0.8112360949905009
198,4.115049,41.83276699999999,2.9423239995677495,0.961468007699281,0.9805957435395457,1.9617282560282039,0.3332725232447558,0.32677162944683447,-0.35645674110633074
199,8.321904,109.019356,4.585301948156641,3.842728524347343,4.134031444760725,0.45127050339591523,0.9015832526411194,0.8380535388497546,0.6661070776995085
200,7.33894,19.752650999999993,1.53998842328352,0.7840513753297341,0.8471419655814545,0.6928464577020654,0.5500963207081793,0.5091280969878994,0.008256193975799818
201,10.113735999999998,91.42438,4.7354822752612,4.7780123886037895,5.073767354886513,0.3382850796253134,1.07143624660841,1.0089811577512973,0.8643438277101856
202,3.3696892,45.463238000000004,2.7439695176365886,0.5789473913954937,0.6640203747182382,2.0799491429183505,0.2419926207089087,0.2109890024923258,-0.5880219950153486
203,2.9413238,177.30249,1.5425936466888002,1.4753591165908495,1.7512952929472336,0.20870164625843346,1.1352926914397803,0.956414620115758,0.7848263126732424
204,4.289754,56.46158000000009,3.506050652081252,1.080773619006637,1.3358008719117984,2.1702497801694536,0.3809987374594386,0.3082595564799018,-0.3934808870401969
205,4.8961086,135.88097000000002,3.6146024229450195,2.365508168510706,2.562237429488497,1.0523649934565227,0.7088573319222472,0.6544310803021571,0.298862160604314
206,5.6633306,15.143860000000021,1.2395507348304007,0.72733189235374,0.6850970192846045,0.5544537155457961,0.5526978444963301,0.5867705709143527,0.16354114182870574
207,5.0536504,145.5901,3.4628321803503996,1.908260729307403,2.297283728980855,1.1655484513695447,0.6634117997449116,0.5510693645899727,0.09213872917994541
208,2.0394286999999998,80.96589,2.3963287225,1.2474108345325359,1.3897810689576473,1.0065476535423525,0.5799626136049235,0.5205508004056969,0.031101600811393088
209,8.599125,97.80987,4.585465771254525,4.302441367973406,4.653844923170915,0.06837915191638988,1.0149121496762765,0.9382779378584966,0.8332385421659366
210,3.3108537000000005,13.846220000000018,0.8034195083266814,0.5018378734662402,0.4778697280257041,0.3255497803009773,0.5947947779124573,0.6246274434030643,0.23925488680612725
211,6.079555500000001,178.60106,3.0660566636808,2.718915760639367,2.9771750317874233,0.08888163189337694,0.9710110928652328,0.8867793582703427,0.763558716540683
212,3.3592904,23.04009999999998,1.1192726963519992,0.6037955987551892,0.5915831666203829,0.5276895297316163,0.5285424799054835,0.5394535225625664,0.06890704512513447
213,5.8230443,65.33883000000002,3.9910721168156007,2.105990883051439,2.4685479892549442,1.5225241275606565,0.6185175103336772,0.5276754770173814,0.04535095403476242
214,8.110707,116.81172,4.5914339815726,3.440414552767422,3.665210434635682,0.9262235469369182,0.798271400470038,0.7493115585621603,0.4886231171243167
215,3.3905025,10.476209000000006,0.6236643488445305,0.6432441458115008,0.5889521569223014,0.034712191922229074,0.9443415484843077,1.0313947670782282,0.9684210808271825
216,2.804146,107.96269000000001,2.9084489190564,1.6323104994535034,2.192701588771813,0.7157473302845867,0.7539075465293715,0.5612305888401433,0.11246117768028578
217,4.7805314,115.51705999999999,3.86506990795002,2.585685880780525,2.944189758300307,0.920880149649713,0.7617429512062474,0.6689881276046414,0.32797625520928103
218,3.25714,34.65320599999999,2.0708590400721,0.7364447132545494,0.7340813242494274,1.3367777158226724,0.35448155091418937,0.3556228111155787,-0.2987543777688424
219,2.6339414,55.20864999999998,2.5497974570299995,0.8815923519726804,0.9475356549948379,1.6022618020351616,0.3716121264386726,0.34574995340985126,-0.3185000931802966
220,3.3163196999999998,66.76232,3.2544124985024006,1.1255977301899995,1.5051187029460937,1.7492937955563068,0.4624855342212187,0.34586818072631254,-0.3182636385473739
221,1.6979088999999998,172.75606,0.91045220098533,0.8325268238588125,0.9740550654296419,0.06360286444431196,1.0698585432332177,0.9144102490584548,0.7870073452150086
222,5.705544,155.55496,3.4072612424224,2.1839894479139725,2.3974187240829083,1.0098425183394917,0.7036204603960623,0.6409809206062682,0.2719618412125378
223,2.3403108,113.08597,2.4719570049864004,1.1744307340683924,1.7011642009727468,0.7707928040136536,0.688185189928943,0.4751016023738859,-0.059796795252228016
224,4.404343,168.46377999999999,2.4417792990173006,2.1094044221086774,2.331268152291061,0.1105111467262394,0.9547415498318317,0.863880049666083,0.7177600993321676
225,6.553299,101.79872,4.284689857116801,3.562038140526126,3.9606096384883345,0.32408021862846637,0.9243632026037604,0.831340950993138,0.6526819019862751
226,5.2933326,158.93297,3.1324071783375094,2.4780067755722395,2.774925930651838,0.35748124768567147,0.8858765073206732,0.7910870568517272,0.572174113703451
227,1.298578,53.160534,1.2849515990081497,0.7935526822689015,0.7107963578887956,0.5741552411193541,0.5531697524151549,0.6175739871302881,0.22514797426057587
228,4.536210499999999,161.30030000000002,2.6712012024342493,2.096657508231589,2.4254961783917746,0.24570502404247474,0.9080170285119049,0.7849118614954625,0.5598237229909264
229,4.552972,44.96198,3.2671536077784,0.8434670582586244,0.9543062954012523,2.312847312377148,0.29209104008126563,0.2581657183949077,-0.4936685632101853
230,4.049806,84.788635,3.6761242320164507,2.2851649693751144,2.728574243434815,0.9475499885816356,0.7422421200216404,0.6216234341247059,0.2332468682494117
231,4.3769965,56.360622,3.527358762217907,1.211493762519096,1.331800191615166,2.195558570602741,0.37756301000065173,0.3434563491232011,-0.32308730175359757
232,2.4519073999999996,105.36607,2.6224042648492,1.4802818803664068,2.0095237927697926,0.6128804720794072,0.7662906210554646,0.564475088836667,0.1189501776733347
233,7.956097999999999,6.287986999999995,0.5787250516318196,0.817868395760535,0.7256188938191782,0.14689384218735857,1.2538231959600934,1.4132244551266802,0.990000000000008
234,3.3733172000000002,31.64914,1.9420192001533716,0.791282042487655,0.7875892938928469,1.1544299062605248,0.40555175449894976,0.4074532540281594,-0.19509349194368064
235,3.28771,168.61815,1.8309561103174998,1.5761370987205128,1.7600889275268508,0.07086718279064907,0.9612949855043984,0.8608273512614094,0.7116547025228247
236,2.0127933,119.236946,2.121112314893691,1.1718598140182128,1.4589620843439195,0.6621502305497713,0.6878287746007651,0.5524741928043293,0.09494838560865657
237,4.247404,114.30965,3.702052108167,1.9411986179362872,2.159563287685744,1.542488820481256,0.5833422179340988,0.5243574539790664,0.03871490795813437
238,2.647237,16.866970000000023,0.7434677403253006,0.6615316203404371,0.6132476562411884,0.13022008408411223,0.8248477008200314,0.8897919633352063,0.7695839266704102
239,2.5650065,91.95920000000002,2.8084820562819997,1.1922082376892078,1.3622734423347165,1.4462086139472832,0.4850568438874621,0.42450270779636395,-0.16099458440727257
240,3.641582,156.47128,2.3120222182176,1.7979984361805146,2.067518673580835,0.24450354463676494,0.8942468879796236,0.7776735110991425,0.5453470221982875
241,2.1515265000000006,93.29036,2.4605754452790998,1.2601123745137506,1.6471654899648092,0.8134099553142906,0.6694228755005613,0.5121210068691127,0.014242013738226237
242,6.973329500000001,49.175465,3.7799936147748747,1.282333298008311,1.6199681766023923,2.1600254381724824,0.42856373361860106,0.3392421862820222,-0.33151562743595636
243,5.6965523,80.52117,4.096918766836955,2.8538687491536305,3.248528214023174,0.8483905528137812,0.7929198499903904,0.6965890493740444,0.383178098748086
244,7.4300785,71.30354,4.24473103105145,3.019643224265404,3.3922826729893045,0.8524483580621456,0.7991749413976442,0.7113862344105729,0.41277246882114804
245,9.035204,97.22928000000002,4.651115180360001,4.357650352209204,4.7679512459559605,0.11683606559595994,1.0251200112371581,0.9369044160871376,0.8346322164182548
246,7.647849,43.658780000000014,3.671079843465601,1.0170072095438767,1.078593130459698,2.5924867130059033,0.2938081372377552,0.2770321684378822,-0.45593566312423606
247,5.126404,44.61243000000004,3.421355791766802,0.5187319286886632,0.6421714771471464,2.7791843146196555,0.18769502975764074,0.15161589739861212,-0.7067682052027758
248,2.8121338000000002,67.32895,2.9287054706140006,0.8614612198561709,1.1332206074466504,1.7954848631673501,0.3869356679314946,0.294144026601475,-0.4217119467970493
249,4.1825933,33.647343,2.4443956702865,0.7993541679835227,0.8494509941045304,1.59494467618197,0.3475096132881666,0.32701504821837285,-0.35596990356325303
250,4.0334196,32.45769499999999,2.307000830962274,0.8714821132882246,0.8813181584605494,1.4256826725017246,0.38201900347514933,0.3777554396999151,-0.2544891206001694
251,2.610502,131.67091,2.354088518798,1.2459666995826288,1.5661600199225614,0.7879284988754387,0.6652935976775607,0.5292777606420767,0.04855552128415377
252,1.5705432999999998,162.75476,0.9206936306944598,0.8200024758013734,0.8267471671433517,0.09394646355110803,0.8979612105274952,0.8906355474435761,0.7712710948871527
253,8.016964,51.058033000000016,3.8782992883708003,1.6496656199089488,1.823341826150392,2.0549574622204085,0.47013953554789817,0.42535799773254407,-0.1592840045349139
254,3.2452166000000005,57.268463000000004,3.0442347589786007,0.6804923498151377,0.9219843779075064,2.1222503810710944,0.3028624435708269,0.2235347808864312,-0.562930438227138
255,10.33032,95.22847,4.816497186214001,4.685806873671125,5.141288624837824,0.32479143862382287,1.0674331212220898,0.9728661083999102,0.8347653400617184
256,4.8238587,61.07518400000001,3.74333393373088,1.5710623971718918,1.7837301512386987,1.9596037824921813,0.47650842345793687,0.4196960316618223,-0.17060793667635502
257,9.403911000000003,106.79642499999999,4.727457751552126,4.135418450495313,4.449382292563299,0.2780754589888268,0.9411786474670178,0.8747658187188578,0.7395316374377192
258,6.375081,168.95396,3.3331359100704003,2.844426554105804,3.0200506351822503,0.3130852748881501,0.906068854275571,0.8533785092626854,0.6967570185253703
259,6.0413275,147.86372000000003,3.7546108322734995,2.2743547348806237,2.5210147198883157,1.2335961123851837,0.6714450132137358,0.6057497931159624,0.20149958623192454
260,6.668707,73.58054,4.1923783948209,2.900687688254681,3.4002865402845113,0.7920918545363889,0.8110638449251365,0.6918954863039265,0.3737909726078523
261,3.2577023999999994,121.35791000000002,3.0966848349354397,1.5683843277159264,1.8322350973780828,1.264449737557357,0.5916763232433634,0.5064720536045841,0.0029441072091697146
262,4.5294437,28.244307000000006,1.9297263467838845,0.7677326199539938,0.8176565228438031,1.1120698239400815,0.42371630786226433,0.3978453324397578,-0.21430933512048428
263,5.3576894,14.289614000000002,1.1445586356558761,0.722354455981933,0.6797361137295062,0.46482252192636997,0.5938849199630486,0.6311205328226773,0.2522410656453548
264,9.63452,115.2168,4.799119466064001,3.914418947090165,4.15109618346699,0.6480232825970109,0.864970379008196,0.8156535745297002,0.6213071490593994
265,7.897619200000001,92.11727,4.477084480000001,4.029968455154329,4.497158183728011,0.020073703728010095,1.0044836553381298,0.9001323234254278,0.7867411328052513
266,6.352348300000001,12.056259999999982,1.0224709264991985,0.5298226295532905,0.5162128984975467,0.5062580280016518,0.504868045749711,0.5181786746419597,0.026357349283918363
267,2.5003147,18.53512799999999,0.7285398922711759,0.5880766455999168,0.5526770176286206,0.17586287464255523,0.7586091351918779,0.8071989630747944,0.6043979261495916
268,5.5020742,20.699597999999998,1.4118102210617158,0.4614929518396185,0.529188846936864,0.8826213741248519,0.3748300154243826,0.32688030229202114,-0.3562393954159574
269,5.075643,45.17733399999998,3.431348752131199,0.9076613476496238,1.18476433156752,2.246584420563679,0.3452765711534472,0.2645202843592856,-0.4809594312814285
270,2.6737046,154.90282999999997,1.756203492670131,1.3722402961760112,1.5829915607182516,0.17321193195187945,0.9013713771355003,0.7813674792831986,0.5527349585663979
271,6.6399965,113.509155,4.330020898152387,3.2292701033760585,3.5786618362314635,0.7513590619209238,0.8264768047097585,0.745786262776233,0.48157252555246743
272,3.6279526,143.54732999999996,2.7535183854816117,1.8725953632322407,2.06185118761201,0.6916671978696018,0.7488060361185408,0.6800736734157352,0.35014734683146664
273,5.3619094,87.23163,4.0531469011856105,2.2171728557510124,2.499620393270222,1.5535265079153886,0.6167110282973072,0.5470250424682258,0.08405008493645072
274,3.2683225,59.38225999999995,3.110159218171999,0.9632124666385928,1.1488910552954053,1.9612681628765938,0.369399434145583,0.3096987642982224,-0.39060247140355575
275,2.896575,138.71810999999997,2.4016774309580007,1.4800401067712374,1.6958826481887173,0.7057947827692834,0.7061242389708637,0.6162526606168209,0.22250532123364167
276,3.9054193,91.87179999999998,3.6151331839134,1.643231196940484,1.9949686242605877,1.6201645596528125,0.5518382097616177,0.45454236769271034,-0.10091526461457832
277,2.3667192,28.21629099999999,1.108560573419748,0.4051833403566088,0.42155802351116867,0.6870025499085792,0.3802751366221907,0.36550401491068524,-0.2789919701786301
278,2.2467606,94.49895999999998,2.5270363912152805,0.818659787520251,1.1477273737258755,1.379309017489405,0.45417920284635094,0.3239604266745637,-0.36207914665087293
279,3.0494846999999994,94.21301,3.1887969990221348,1.9375261514036817,2.341329077635221,0.8474679213869138,0.7342358508093192,0.6076041065009277,0.20520821300185443
280,6.957723999999999,48.49756000000001,3.7627684427097146,1.2819170311004706,1.6618923269236214,2.100876115786093,0.44166744571899,0.34068453868963355,-0.3286309226207336
281,1.3315749,156.54242,0.84498520742742,0.5349998035244533,0.6241048061208363,0.2208804013065837,0.7385984992813543,0.6331469460314872,0.2562938920629746
282,5.1515155,69.34035999999996,3.9520996897951997,1.8371282395066175,2.2903615356360714,1.6617381541591283,0.5795303042456298,0.4648486586131181,-0.08030268277376405
283,6.874742500000001,125.77982000000002,4.31952607337535,3.06349662691772,3.2445804148318933,1.0749456585434567,0.7511426854975606,0.7092205429203154,0.4084410858406288
284,1.7379532,164.547,1.003259553998,0.7982374049707367,0.9001529062197116,0.10310664777828848,0.8972283419904576,0.7956439605182454,0.5812879210364917
285,8.883984,119.600204,4.7252187264345595,3.6616924341128603,3.966982624596521,0.7582361018380386,0.8395341791066315,0.7749254894018033,0.5398509788036059
286,7.1084204,10.980858000000012,0.960692392331361,0.5537008875680699,0.528754126488567,0.43193826584279393,0.5503885850552148,0.5763560656750659,0.14271213135013205
287,2.170593,144.66711000000004,1.6652378164136492,1.2534879135958816,1.3606942445465808,0.3045435718670684,0.8171170694868372,0.7527380781535824,0.495476156307165
288,2.1733294,21.328770000000045,0.682412807981561,0.7709840994419949,0.6967469430896988,0.014334135108137747,1.0210050792430687,1.1297913673724986,0.990000000000008
289,3.4584072,40.412785,2.5236395768221196,0.9551235500708144,0.9275802880075592,1.5960592888145604,0.36755656256414,0.3784706654797155,-0.2530586690405697
290,4.9212810000000005,24.602475999999992,1.5305813269175597,0.6147390540217549,0.685372606638246,0.8452087202793137,0.4477858148305775,0.4016376282727673,-0.20672474345446615
291,7.999329600000001,81.99908,4.41929257639264,3.7607845188591678,4.478478160979853,0.05918558458721357,1.0133925472378489,0.8509924278263108,0.6891499240067054
292,4.122464,7.392796999999989,0.5083369973127994,0.7944611154261982,0.7055043680376578,0.19716737072485846,1.38786744180954,1.562863060579745,0.990000000000008
293,8.429573999999999,77.26002,4.3918549118664005,3.6923179553582752,4.302505415700475,0.08934949616592558,0.9796556357259182,0.840719474903864,0.6702062603825039
294,3.2598877000000006,168.74593,1.8133788718396953,1.5433344386743308,1.748550487155156,0.06482838468453922,0.9642499503599212,0.8510821773877839,0.6921643547755678
295,8.51221,5.675020000000006,0.5255063979984006,0.4495739699615886,0.42429631488970976,0.10121008310869084,0.8074046605442111,0.8555061778010108,0.7010123556020218
296,2.4311512,62.04355000000005,2.542348121086001,0.9570889728726093,1.0273582586801,1.5149898624059008,0.40409818394235053,0.37645866234234365,-0.2570826753153117
297,2.4920123,97.975105,2.700536342104158,1.5600486707609176,2.0095835929214503,0.6909527491827077,0.7441423992671238,0.5776810504040047,0.1453621008080083
298,6.194414000000001,124.08187000000001,4.1810904809485,2.7165996884326424,2.9522929310481856,1.2287975499003143,0.7061059655371161,0.6497347284903475,0.28946945698069493
299,5.142058,176.86628999999996,2.6708369492172004,2.4565760290894527,2.6772689336233975,0.006431984406197078,1.0024082280305737,0.9197776112126408,0.8222518884658337
300,5.804365600000001,115.61132,4.1487775009392,2.790062933055711,3.2255858698887816,0.9231916310504187,0.7774786353711601,0.6725024256962684,0.3350048513925359
301,2.2872612,137.80905,1.9376094140899998,1.000509303026064,1.2811097160099971,0.6564996980800026,0.6611805798908506,0.5163627384087389,0.022725476817476373
302,5.096646,105.04403999999998,4.0238206388624,2.04020926168441,2.331259755085634,1.6925608837767658,0.5793647292749906,0.5070328537956926,0.004065707591385286
303,10.662207000000002,161.9098,4.5268942256548,3.930569076903795,4.041862165860957,0.4850320597938431,0.8928554466669287,0.8682705804408867,0.7265411608817757
304,5.37582,70.33850000000008,3.997667192940001,2.0542925267642316,2.699648343034399,1.2980188499056022,0.675305925366188,0.5138728232285501,0.017745646457098797
305,7.1156063,13.57175000000002,1.2009680792600017,0.4972847945376247,0.4837090813453,0.7172589979147017,0.4027659766305747,0.41406995167101796,-0.1818600966579627
306,5.1655717,81.63569000000001,4.0160057795518656,2.754575984240436,3.2117516371542734,0.8042541423975922,0.7997378025468538,0.6858994073827784,0.3617988147655561
307,10.762258,160.93977,4.56441245597748,3.965392533717344,3.999159844218914,0.5652526117585657,0.8761609260314939,0.8687629726635081,0.7275259453270199
308,1.6361903,129.77457,1.55806924879329,0.7940563938459322,0.9174851489478416,0.6405840998454483,0.5888603151999985,0.5096412720172252,0.009282544034449294
309,7.766043,177.62444,3.6525856776592,3.5338307684094263,3.7514580118216156,0.09887233416241559,1.0270691348233558,0.967487440479184,0.8986602811832674
310,3.1258301999999993,166.85161,1.7684132727168898,1.3529164248264471,1.6258909851557402,0.1425222875611496,0.9194066852132441,0.7650453916509601,0.5200907833019207
311,2.760447,56.495887999999994,2.6841125303136004,0.662773329314506,0.8198815494756098,1.8642309808379907,0.3054572191799344,0.2469245688581734,-0.5161508622836527
312,5.1953306,56.05309299999999,3.7383768415734497,1.2988604334620488,1.5146860030291731,2.2236908385442766,0.40517210201624704,0.3474396746250358,-0.3151206507499299
313,2.6954005,170.2322,1.480081197064,1.2762908198566905,1.5689573879319796,0.0888761908679796,1.0600481858997204,0.862311353180107,0.6859356977680844
314,5.7754874,158.15965000000003,3.348104810665049,2.7521151358726303,2.9533136271223572,0.3947911835426918,0.8820851777742666,0.8219919302125944,0.6339838604251835
315,7.155945,16.483920000000023,1.3956257246152013,0.6199167723749567,0.6112941283854448,0.7843315962297565,0.4380072089556743,0.4441855444774633,-0.12162891104507396
316,5.0543675,164.36152999999996,2.8754558475886256,2.505205123078067,2.6907995999280097,0.18465624766061595,0.9357819220853383,0.8712375553180368,0.7324751106360744
317,4.276277,40.197433,2.8975666124809893,0.8102854617947213,0.922681478363994,1.9748851341169953,0.3184332240679584,0.2796434284908228,-0.4507131430183547
318,2.678368,178.83101,1.3822411978312001,1.2951949264836313,1.532284730603908,0.15004353277270788,1.108550904869666,0.9370252662963984,0.7968624444759529
319,9.109581,92.32987,4.630305429059925,4.530683021141662,4.993070662059025,0.3627652329990996,1.0783458539737736,0.9784847005355128,0.8304793028209515
320,12.398981,98.43734,5.02531430731148,4.978025387696436,5.5032555198943705,0.47794121258289035,1.0951067303168518,0.9905898583206537,0.790301607086691
321,1.9970226,26.75418000000003,0.8240699494452879,0.35408215427557244,0.35439990780799396,0.4696700416372939,0.430060467617529,0.4296748771313868,-0.15065024573722613
322,4.130472,62.3751,3.5900492783319997,1.2985305399917695,1.5971494147876837,1.992899863544316,0.44488230967396286,0.36170270637485247,-0.28659458725029524
323,4.941829,16.505460000000003,1.1992980418544001,0.8475429093471785,0.7845574444433019,0.41474059741109826,0.6541805431702277,0.7066991521445952,0.403398304289188
324,6.5297127,94.19639,4.271898505,3.5442692992735187,4.2226478405057275,0.04925066449427273,0.9884710124932444,0.8296707646787884,0.6493415293575752
325,3.8078098000000002,85.69028,3.57214422357092,1.6430028144123023,2.21254952994267,1.3595946936282504,0.619389753454825,0.4599486223346993,-0.09010275533060001
326,11.038606,84.9017,4.665312110060399,4.929052276014686,5.550785467356247,0.8854733572958482,1.1897993824221087,1.0565321589922254,0.8152218494136098
327,5.6961374000000005,104.27985,4.1484565996399,2.294346928428974,2.554365716179205,1.5940908834606948,0.6157388066687097,0.553060366746547,0.09612073349309444
328,3.4311151999999994,63.92962300000001,3.2680923292383603,1.174486968796385,1.3978999104539127,1.8701924187844476,0.4277418657812822,0.359379983940081,-0.29124003211983823
329,2.1614819,31.729656,1.2762199825282972,0.6294503370996035,0.608525915634111,0.6676940668941862,0.4768189841602158,0.4932146069775595,-0.023570786044879735
330,3.2073866999999994,88.102234,3.3039398411435994,1.8512037033674495,2.3858792974521164,0.918060543691483,0.7221315799219538,0.5603018796875826,0.11060375937516326
331,4.2147794,11.793459999999996,0.8096484068016397,0.8067950148132653,0.7241843786112426,0.08546402819039711,0.8944430354306429,0.996475764091667,0.9270511626326032
332,8.404567,96.66791,4.553128267542475,4.197090619304954,4.781467916881902,0.22833964933942674,1.050150058579982,0.921803729805817,0.772025456706634
333,6.752081,85.10732,4.2800836513008,3.7686763742132627,4.169968749958787,0.11011490134201285,0.9742727221444499,0.8805146537423134,0.751029307484629
334,2.0244958,63.15317999999999,2.2242099824998296,0.8304369875416413,0.857387148401761,1.3668228340980686,0.385479408485582,0.3733626744217285,-0.26327465115654447
335,7.426033,10.302498,0.9137569406001599,0.6981630028291297,0.6497057093948293,0.2640512312053306,0.711026839334429,0.7640576742110149,0.5181153484220273
336,3.952741,79.82657,3.6385900368827007,1.9187285384896324,2.594514980698308,1.0440750561843926,0.7130550445087005,0.5273274864825028,0.04465497296500621
